id,label
0,Cat
1,Dog
2,Dog
3,Cat
4,Cat
5,Cat
6,Dog
7,Cat
8,Dog
9,Cat
10,Dog
11,Cat
12,Dog
13,Cat
14,Dog
15,Dog
16,Dog
17,Cat
18,Cat
19,Cat
20,Dog
21,Cat
22,Cat
23,Cat
24,Cat
25,Cat
26,Dog
27,Dog
28,Dog
29,Cat
30,Dog
31,Cat
32,Cat
33,Dog
34,Cat
35,Cat
36,Cat
37,Dog
38,Cat
39,Cat
40,Dog
41,Dog
42,Dog
43,Cat
44,Dog
45,Dog
46,Cat
47,Cat
48,Cat
49,Cat
50,Cat
51,Cat
52,Cat
53,Cat
54,Dog
55,Dog
56,Cat
57,Cat
58,Dog
59,Dog
60,Dog
61,Cat
62,Dog
63,Cat
64,Cat
65,Dog
66,Cat
67,Cat
68,Dog
69,Cat
70,Dog
71,Cat
72,Dog
73,Cat
74,Dog
75,Cat
76,Dog
77,Dog
78,Dog
79,Dog
80,Dog
81,Cat
82,Cat
83,Cat
84,Cat
85,Cat
86,Cat
87,Cat
88,Cat
89,Cat
90,Cat
91,Dog
92,Cat
93,Cat
94,Cat
95,Dog
96,Cat
97,Dog
98,Dog
99,Cat
100,Dog
101,Cat
102,Cat
103,Cat
104,Dog
105,Dog
106,Cat
107,Dog
108,Cat
109,Dog
110,Dog
111,Cat
112,Cat
113,Dog
114,Cat
115,Cat
116,Cat
117,Dog
118,Cat
119,Dog
120,Cat
121,Dog
122,Cat
123,Dog
124,Dog
125,Dog
126,Cat
127,Dog
128,Dog
129,Dog
130,Dog
131,Dog
132,Cat
133,Cat
134,Dog
135,Cat
136,Dog
137,Cat
138,Dog
139,Cat
140,Cat
141,Cat
142,Dog
143,Dog
144,Dog
145,Dog
146,Cat
147,Dog
148,Dog
149,Dog
150,Cat
151,Dog
152,Cat
153,Dog
154,Dog
155,Cat
156,Cat
157,Dog
158,Cat
159,Cat
160,Dog
161,Cat
162,Cat
163,Dog
164,Cat
165,Dog
166,Dog
167,Dog
168,Cat
169,Dog
170,Dog
171,Cat
172,Cat
173,Dog
174,Dog
175,Dog
176,Dog
177,Dog
178,Dog
179,Dog
180,Dog
181,Cat
182,Cat
183,Cat
184,Dog
185,Dog
186,Cat
187,Cat
188,Dog
189,Dog
190,Cat
191,Dog
192,Dog
193,Cat
194,Cat
195,Dog
196,Cat
197,Cat
198,Cat
199,Cat
200,Dog
201,Dog
202,Cat
203,Cat
204,Cat
205,Dog
206,Dog
207,Dog
208,Dog
209,Dog
210,Dog
211,Cat
212,Dog
213,Dog
214,Cat
215,Dog
216,Dog
217,Dog
218,Dog
219,Cat
220,Cat
221,Dog
222,Dog
223,Cat
224,Dog
225,Cat
226,Cat
227,Cat
228,Cat
229,Cat
230,Cat
231,Dog
232,Cat
233,Cat
234,Cat
235,Dog
236,Cat
237,Cat
238,Cat
239,Dog
240,Dog
241,Dog
242,Cat
243,Cat
244,Cat
245,Dog
246,Dog
247,Dog
248,Dog
249,Cat
250,Dog
251,Cat
252,Dog
253,Cat
254,Cat
255,Cat
256,Cat
257,Cat
258,Dog
259,Dog
260,Cat
261,Cat
262,Cat
263,Cat
264,Dog
265,Dog
266,Dog
267,Cat
268,Dog
269,Dog
270,Dog
271,Cat
272,Cat
273,Dog
274,Cat
275,Dog
276,Cat
277,Dog
278,Cat
279,Dog
280,Dog
281,Dog
282,Cat
283,Dog
284,Cat
285,Dog
286,Cat
287,Cat
288,Cat
289,Cat
290,Cat
291,Dog
292,Cat
293,Dog
294,Dog
295,Cat
296,Cat
297,Cat
298,Cat
299,Dog
300,Cat
301,Cat
302,Dog
303,Cat
304,Cat
305,Dog
306,Dog
307,Dog
308,Cat
309,Cat
310,Cat
311,Cat
312,Cat
313,Dog
314,Dog
315,Cat
316,Cat
317,Dog
318,Dog
319,Dog
320,Dog
321,Cat
322,Dog
323,Dog
324,Cat
325,Cat
326,Cat
327,Dog
328,Cat
329,Dog
330,Cat
331,Dog
332,Cat
333,Cat
334,Cat
335,Dog
336,Dog
337,Dog
338,Dog
339,Dog
340,Dog
341,Cat
342,Dog
343,Cat
344,Cat
345,Dog
346,Cat
347,Cat
348,Dog
349,Cat
350,Cat
351,Dog
352,Dog
353,Cat
354,Dog
355,Dog
356,Cat
357,Dog
358,Dog
359,Cat
360,Cat
361,Cat
362,Cat
363,Cat
364,Dog
365,Dog
366,Cat
367,Dog
368,Dog
369,Dog
370,Cat
371,Cat
372,Cat
373,Dog
374,Dog
375,Cat
376,Dog
377,Dog
378,Dog
379,Cat
380,Dog
381,Cat
382,Cat
383,Dog
384,Cat
385,Cat
386,Cat
387,Cat
388,Cat
389,Dog
390,Dog
391,Cat
392,Dog
393,Cat
394,Dog
395,Dog
396,Cat
397,Dog
398,Cat
399,Cat
400,Dog
401,Cat
402,Cat
403,Dog
404,Dog
405,Dog
406,Cat
407,Cat
408,Dog
409,Cat
410,Dog
411,Dog
412,Dog
413,Dog
414,Cat
415,Cat
416,Cat
417,Cat
418,Cat
419,Cat
420,Cat
421,Dog
422,Cat
423,Cat
424,Cat
425,Cat
426,Cat
427,Cat
428,Dog
429,Cat
430,Cat
431,Cat
432,Cat
433,Cat
434,Dog
435,Dog
436,Dog
437,Dog
438,Cat
439,Cat
440,Cat
441,Dog
442,Dog
443,Dog
444,Cat
445,Dog
446,Dog
447,Dog
448,Cat
449,Dog
450,Cat
451,Cat
452,Cat
453,Dog
454,Dog
455,Cat
456,Dog
457,Dog
458,Dog
459,Cat
460,Dog
461,Cat
462,Dog
463,Cat
464,Dog
465,Cat
466,Dog
467,Cat
468,Dog
469,Dog
470,Dog
471,Dog
472,Cat
473,Cat
474,Dog
475,Cat
476,Cat
477,Dog
478,Dog
479,Cat
480,Cat
481,Dog
482,Dog
483,Cat
484,Dog
485,Dog
486,Dog
487,Cat
488,Cat
489,Cat
490,Cat
491,Cat
492,Cat
493,Cat
494,Cat
495,Dog
496,Dog
497,Cat
498,Dog
499,Cat
500,Dog
501,Cat
502,Dog
503,Cat
504,Dog
505,Cat
506,Cat
507,Cat
508,Dog
509,Cat
510,Cat
511,Cat
512,Cat
513,Dog
514,Cat
515,Dog
516,Dog
517,Cat
518,Cat
519,Dog
520,Cat
521,Cat
522,Cat
523,Cat
524,Dog
525,Dog
526,Cat
527,Cat
528,Cat
529,Dog
530,Cat
531,Dog
532,Dog
533,Dog
534,Cat
535,Dog
536,Dog
537,Cat
538,Cat
539,Cat
540,Dog
541,Cat
542,Cat
543,Dog
544,Cat
545,Cat
546,Dog
547,Cat
548,Cat
549,Cat
550,Dog
551,Cat
552,Dog
553,Cat
554,Dog
555,Cat
556,Cat
557,Dog
558,Dog
559,Cat
560,Cat
561,Cat
562,Dog
563,Cat
564,Dog
565,Dog
566,Cat
567,Dog
568,Dog
569,Dog
570,Dog
571,Cat
572,Cat
573,Dog
574,Cat
575,Dog
576,Cat
577,Cat
578,Cat
579,Cat
580,Cat
581,Dog
582,Cat
583,Cat
584,Cat
585,Cat
586,Dog
587,Cat
588,Dog
589,Cat
590,Dog
591,Cat
592,Cat
593,Cat
594,Cat
595,Cat
596,Dog
597,Cat
598,Dog
599,Cat
600,Dog
601,Cat
602,Dog
603,Dog
604,Cat
605,Cat
606,Dog
607,Dog
608,Dog
609,Cat
610,Dog
611,Cat
612,Cat
613,Dog
614,Cat
615,Cat
616,Cat
617,Dog
618,Cat
619,Cat
620,Dog
621,Dog
622,Dog
623,Dog
624,Dog
625,Cat
626,Dog
627,Cat
628,Cat
629,Dog
630,Dog
631,Dog
632,Dog
633,Cat
634,Dog
635,Cat
636,Cat
637,Cat
638,Dog
639,Cat
640,Cat
641,Cat
642,Cat
643,Dog
644,Cat
645,Cat
646,Dog
647,Cat
648,Cat
649,Cat
650,Dog
651,Dog
652,Dog
653,Dog
654,Dog
655,Cat
656,Dog
657,Cat
658,Cat
659,Dog
660,Cat
661,Dog
662,Cat
663,Cat
664,Dog
665,Dog
666,Cat
667,Dog
668,Dog
669,Dog
670,Dog
671,Cat
672,Cat
673,Cat
674,Cat
675,Dog
676,Dog
677,Cat
678,Cat
679,Dog
680,Dog
681,Cat
682,Cat
683,Cat
684,Dog
685,Cat
686,Dog
687,Dog
688,Dog
689,Cat
690,Cat
691,Dog
692,Dog
693,Cat
694,Dog
695,Cat
696,Cat
697,Dog
698,Cat
699,Dog
700,Cat
701,Cat
702,Dog
703,Cat
704,Cat
705,Cat
706,Dog
707,Cat
708,Dog
709,Dog
710,Cat
711,Dog
712,Dog
713,Cat
714,Cat
715,Dog
716,Cat
717,Cat
718,Dog
719,Cat
720,Dog
721,Cat
722,Cat
723,Dog
724,Cat
725,Cat
726,Dog
727,Cat
728,Dog
729,Cat
730,Cat
731,Dog
732,Cat
733,Cat
734,Dog
735,Cat
736,Dog
737,Cat
738,Cat
739,Dog
740,Dog
741,Dog
742,Dog
743,Dog
744,Cat
745,Dog
746,Dog
747,Cat
748,Cat
749,Cat
750,Cat
751,Cat
752,Dog
753,Dog
754,Dog
755,Cat
756,Dog
757,Cat
758,Cat
759,Dog
760,Cat
761,Cat
762,Dog
763,Cat
764,Cat
765,Cat
766,Dog
767,Cat
768,Dog
769,Dog
770,Dog
771,Dog
772,Cat
773,Dog
774,Cat
775,Dog
776,Dog
777,Cat
778,Cat
779,Dog
780,Dog
781,Cat
782,Cat
783,Dog
784,Dog
785,Cat
786,Dog
787,Cat
788,Cat
789,Dog
790,Cat
791,Dog
792,Dog
793,Cat
794,Dog
795,Dog
796,Dog
797,Dog
798,Cat
799,Dog
800,Cat
801,Cat
802,Cat
803,Dog
804,Cat
805,Dog
806,Cat
807,Cat
808,Cat
809,Cat
810,Cat
811,Cat
812,Dog
813,Cat
814,Cat
815,Dog
816,Dog
817,Cat
818,Cat
819,Dog
820,Dog
821,Dog
822,Cat
823,Dog
824,Cat
825,Cat
826,Dog
827,Cat
828,Dog
829,Cat
830,Cat
831,Cat
832,Cat
833,Cat
834,Cat
835,Dog
836,Cat
837,Dog
838,Dog
839,Dog
840,Dog
841,Cat
842,Dog
843,Dog
844,Cat
845,Dog
846,Dog
847,Dog
848,Dog
849,Dog
850,Cat
851,Cat
852,Dog
853,Cat
854,Cat
855,Dog
856,Dog
857,Cat
858,Cat
859,Dog
860,Dog
861,Cat
862,Cat
863,Cat
864,Dog
865,Cat
866,Cat
867,Cat
868,Cat
869,Dog
870,Cat
871,Dog
872,Dog
873,Cat
874,Cat
875,Dog
876,Dog
877,Dog
878,Dog
879,Cat
880,Dog
881,Dog
882,Cat
883,Dog
884,Dog
885,Cat
886,Cat
887,Dog
888,Cat
889,Cat
890,Cat
891,Dog
892,Cat
893,Cat
894,Dog
895,Cat
896,Dog
897,Dog
898,Cat
899,Dog
900,Dog
901,Cat
902,Dog
903,Cat
904,Dog
905,Dog
906,Cat
907,Dog
908,Cat
909,Cat
910,Dog
911,Dog
912,Cat
913,Cat
914,Dog
915,Cat
916,Dog
917,Dog
918,Dog
919,Dog
920,Cat
921,Dog
922,Cat
923,Cat
924,Cat
925,Dog
926,Cat
927,Dog
928,Cat
929,Dog
930,Dog
931,Cat
932,Dog
933,Cat
934,Dog
935,Cat
936,Cat
937,Dog
938,Cat
939,Cat
940,Dog
941,Cat
942,Cat
943,Dog
944,Dog
945,Cat
946,Cat
947,Cat
948,Cat
949,Dog
950,Dog
951,Cat
952,Dog
953,Dog
954,Cat
955,Dog
956,Dog
957,Dog
958,Dog
959,Dog
960,Dog
961,Cat
962,Cat
963,Dog
964,Dog
965,Dog
966,Cat
967,Dog
968,Cat
969,Cat
970,Cat
971,Dog
972,Cat
973,Dog
974,Cat
975,Dog
976,Dog
977,Cat
978,Cat
979,Cat
980,Dog
981,Dog
982,Dog
983,Cat
984,Dog
985,Dog
986,Cat
987,Cat
988,Cat
989,Cat
990,Cat
991,Dog
992,Dog
993,Dog
994,Cat
995,Cat
996,Cat
997,Dog
998,Cat
999,Cat
1000,Cat
1001,Cat
1002,Cat
1003,Cat
1004,Cat
1005,Cat
1006,Dog
1007,Dog
1008,Dog
1009,Cat
1010,Dog
1011,Dog
1012,Cat
1013,Cat
1014,Dog
1015,Dog
1016,Cat
1017,Cat
1018,Dog
1019,Cat
1020,Dog
1021,Cat
1022,Cat
1023,Dog
1024,Cat
1025,Dog
1026,Dog
1027,Cat
1028,Dog
1029,Cat
1030,Dog
1031,Dog
1032,Cat
1033,Dog
1034,Dog
1035,Dog
1036,Dog
1037,Dog
1038,Cat
1039,Dog
1040,Dog
1041,Cat
1042,Dog
1043,Dog
1044,Cat
1045,Dog
1046,Cat
1047,Dog
1048,Cat
1049,Dog
1050,Dog
1051,Cat
1052,Cat
1053,Dog
1054,Cat
1055,Cat
1056,Dog
1057,Cat
1058,Cat
1059,Dog
1060,Dog
1061,Dog
1062,Cat
1063,Cat
1064,Dog
1065,Cat
1066,Dog
1067,Cat
1068,Cat
1069,Dog
1070,Cat
1071,Cat
1072,Cat
1073,Cat
1074,Dog
1075,Dog
1076,Cat
1077,Cat
1078,Cat
1079,Dog
1080,Dog
1081,Cat
1082,Dog
1083,Cat
1084,Dog
1085,Cat
1086,Cat
1087,Dog
1088,Cat
1089,Dog
1090,Cat
1091,Dog
1092,Dog
1093,Cat
1094,Cat
1095,Cat
1096,Dog
1097,Cat
1098,Cat
1099,Cat
1100,Cat
1101,Dog
1102,Dog
1103,Dog
1104,Dog
1105,Cat
1106,Dog
1107,Cat
1108,Dog
1109,Cat
1110,Cat
1111,Dog
1112,Dog
1113,Dog
1114,Cat
1115,Cat
1116,Cat
1117,Cat
1118,Dog
1119,Dog
1120,Dog
1121,Cat
1122,Cat
1123,Cat
1124,Cat
1125,Cat
1126,Dog
1127,Cat
1128,Cat
1129,Dog
1130,Dog
1131,Dog
1132,Dog
1133,Dog
1134,Dog
1135,Cat
1136,Cat
1137,Dog
1138,Dog
1139,Dog
1140,Cat
1141,Dog
1142,Dog
1143,Cat
1144,Cat
1145,Dog
1146,Cat
1147,Dog
1148,Cat
1149,Cat
1150,Cat
1151,Dog
1152,Dog
1153,Cat
1154,Dog
1155,Cat
1156,Dog
1157,Dog
1158,Cat
1159,Cat
1160,Dog
1161,Cat
1162,Dog
1163,Cat
1164,Dog
1165,Cat
1166,Dog
1167,Dog
1168,Dog
1169,Cat
1170,Dog
1171,Cat
1172,Dog
1173,Dog
1174,Cat
1175,Dog
1176,Dog
1177,Dog
1178,Dog
1179,Cat
1180,Dog
1181,Dog
1182,Cat
1183,Dog
1184,Cat
1185,Cat
1186,Dog
1187,Dog
1188,Dog
1189,Dog
1190,Dog
1191,Cat
1192,Cat
1193,Dog
1194,Dog
1195,Cat
1196,Cat
1197,Dog
1198,Dog
1199,Dog
1200,Cat
1201,Cat
1202,Cat
1203,Cat
1204,Cat
1205,Cat
1206,Dog
1207,Cat
1208,Cat
1209,Cat
1210,Cat
1211,Cat
1212,Cat
1213,Cat
1214,Dog
1215,Dog
1216,Cat
1217,Dog
1218,Cat
1219,Cat
1220,Dog
1221,Cat
1222,Cat
1223,Cat
1224,Cat
1225,Cat
1226,Dog
1227,Dog
1228,Cat
1229,Dog
1230,Cat
1231,Cat
1232,Dog
1233,Cat
1234,Cat
1235,Cat
1236,Cat
1237,Dog
1238,Cat
1239,Dog
1240,Dog
1241,Dog
1242,Cat
1243,Cat
1244,Cat
1245,Cat
1246,Cat
1247,Dog
1248,Cat
1249,Cat
1250,Dog
1251,Dog
1252,Cat
1253,Dog
1254,Dog
1255,Dog
1256,Dog
1257,Dog
1258,Cat
1259,Dog
1260,Dog
1261,Cat
1262,Dog
1263,Cat
1264,Cat
1265,Cat
1266,Dog
1267,Cat
1268,Dog
1269,Cat
1270,Dog
1271,Cat
1272,Dog
1273,Cat
1274,Cat
1275,Cat
1276,Cat
1277,Dog
1278,Cat
1279,Cat
1280,Dog
1281,Dog
1282,Dog
1283,Dog
1284,Dog
1285,Cat
1286,Dog
1287,Dog
1288,Cat
1289,Dog
1290,Dog
1291,Dog
1292,Cat
1293,Dog
1294,Cat
1295,Cat
1296,Cat
1297,Dog
1298,Cat
1299,Dog
1300,Cat
1301,Dog
1302,Dog
1303,Dog
1304,Cat
1305,Dog
1306,Dog
1307,Cat
1308,Dog
1309,Dog
1310,Dog
1311,Dog
1312,Dog
1313,Cat
1314,Cat
1315,Dog
1316,Cat
1317,Cat
1318,Cat
1319,Cat
1320,Dog
1321,Cat
1322,Dog
1323,Dog
1324,Dog
1325,Dog
1326,Dog
1327,Dog
1328,Dog
1329,Dog
1330,Dog
1331,Dog
1332,Cat
1333,Dog
1334,Dog
1335,Cat
1336,Dog
1337,Dog
1338,Dog
1339,Cat
1340,Cat
1341,Cat
1342,Dog
1343,Dog
1344,Cat
1345,Cat
1346,Cat
1347,Dog
1348,Cat
1349,Dog
1350,Dog
1351,Dog
1352,Cat
1353,Cat
1354,Cat
1355,Dog
1356,Cat
1357,Cat
1358,Dog
1359,Cat
1360,Dog
1361,Cat
1362,Dog
1363,Dog
1364,Cat
1365,Cat
1366,Cat
1367,Cat
1368,Dog
1369,Cat
1370,Cat
1371,Cat
1372,Dog
1373,Dog
1374,Cat
1375,Dog
1376,Cat
1377,Dog
1378,Dog
1379,Cat
1380,Cat
1381,Cat
1382,Dog
1383,Cat
1384,Dog
1385,Cat
1386,Dog
1387,Cat
1388,Dog
1389,Cat
1390,Dog
1391,Cat
1392,Dog
1393,Dog
1394,Cat
1395,Cat
1396,Cat
1397,Cat
1398,Cat
1399,Dog
1400,Dog
1401,Cat
1402,Dog
1403,Cat
1404,Cat
1405,Cat
1406,Cat
1407,Dog
1408,Cat
1409,Cat
1410,Dog
1411,Dog
1412,Cat
1413,Cat
1414,Dog
1415,Cat
1416,Cat
1417,Cat
1418,Dog
1419,Dog
1420,Cat
1421,Cat
1422,Dog
1423,Dog
1424,Dog
1425,Dog
1426,Cat
1427,Cat
1428,Cat
1429,Cat
1430,Cat
1431,Dog
1432,Cat
1433,Dog
1434,Dog
1435,Dog
1436,Cat
1437,Cat
1438,Dog
1439,Cat
1440,Dog
1441,Cat
1442,Cat
1443,Dog
1444,Dog
1445,Cat
1446,Cat
1447,Dog
1448,Cat
1449,Dog
1450,Cat
1451,Cat
1452,Cat
1453,Dog
1454,Cat
1455,Dog
1456,Cat
1457,Cat
1458,Cat
1459,Cat
1460,Cat
1461,Cat
1462,Dog
1463,Dog
1464,Dog
1465,Dog
1466,Dog
1467,Cat
1468,Dog
1469,Cat
1470,Cat
1471,Cat
1472,Cat
1473,Cat
1474,Cat
1475,Cat
1476,Dog
1477,Dog
1478,Dog
1479,Dog
1480,Dog
1481,Cat
1482,Dog
1483,Cat
1484,Dog
1485,Cat
1486,Cat
1487,Cat
1488,Cat
1489,Dog
1490,Cat
1491,Cat
1492,Dog
1493,Dog
1494,Dog
1495,Cat
1496,Cat
1497,Cat
1498,Dog
1499,Dog
1500,Cat
1501,Cat
1502,Cat
1503,Cat
1504,Dog
1505,Dog
1506,Cat
1507,Cat
1508,Dog
1509,Cat
1510,Cat
1511,Cat
1512,Cat
1513,Dog
1514,Dog
1515,Cat
1516,Cat
1517,Cat
1518,Dog
1519,Cat
1520,Cat
1521,Cat
1522,Cat
1523,Dog
1524,Dog
1525,Dog
1526,Cat
1527,Cat
1528,Cat
1529,Dog
1530,Dog
1531,Dog
1532,Cat
1533,Cat
1534,Dog
1535,Dog
1536,Dog
1537,Cat
1538,Cat
1539,Cat
1540,Cat
1541,Dog
1542,Cat
1543,Dog
1544,Dog
1545,Cat
1546,Cat
1547,Dog
1548,Dog
1549,Dog
1550,Dog
1551,Cat
1552,Dog
1553,Dog
1554,Cat
1555,Dog
1556,Dog
1557,Dog
1558,Cat
1559,Cat
1560,Dog
1561,Dog
1562,Cat
1563,Cat
1564,Cat
1565,Cat
1566,Cat
1567,Cat
1568,Cat
1569,Cat
1570,Dog
1571,Cat
1572,Cat
1573,Dog
1574,Cat
1575,Dog
1576,Cat
1577,Dog
1578,Cat
1579,Cat
1580,Dog
1581,Cat
1582,Dog
1583,Cat
1584,Cat
1585,Dog
1586,Cat
1587,Dog
1588,Dog
1589,Dog
1590,Cat
1591,Dog
1592,Cat
1593,Cat
1594,Dog
1595,Dog
1596,Cat
1597,Cat
1598,Dog
1599,Cat
1600,Cat
1601,Dog
1602,Dog
1603,Dog
1604,Dog
1605,Cat
1606,Dog
1607,Dog
1608,Cat
1609,Cat
1610,Cat
1611,Cat
1612,Dog
1613,Cat
1614,Dog
1615,Dog
1616,Cat
1617,Cat
1618,Cat
1619,Dog
1620,Cat
1621,Dog
1622,Dog
1623,Cat
1624,Cat
1625,Dog
1626,Dog
1627,Cat
1628,Cat
1629,Dog
1630,Cat
1631,Cat
1632,Dog
1633,Dog
1634,Cat
1635,Dog
1636,Cat
1637,Cat
1638,Cat
1639,Cat
1640,Dog
1641,Cat
1642,Cat
1643,Cat
1644,Cat
1645,Cat
1646,Cat
1647,Cat
1648,Cat
1649,Cat
1650,Cat
1651,Cat
1652,Cat
1653,Cat
1654,Cat
1655,Cat
1656,Dog
1657,Cat
1658,Dog
1659,Dog
1660,Dog
1661,Dog
1662,Dog
1663,Dog
1664,Cat
1665,Dog
1666,Cat
1667,Cat
1668,Cat
1669,Cat
1670,Cat
1671,Cat
1672,Cat
1673,Cat
1674,Cat
1675,Dog
1676,Dog
1677,Cat
1678,Cat
1679,Dog
1680,Cat
1681,Dog
1682,Cat
1683,Dog
1684,Cat
1685,Dog
1686,Cat
1687,Dog
1688,Dog
1689,Dog
1690,Cat
1691,Dog
1692,Dog
1693,Dog
1694,Dog
1695,Cat
1696,Dog
1697,Dog
1698,Dog
1699,Dog
1700,Cat
1701,Cat
1702,Dog
1703,Cat
1704,Cat
1705,Dog
1706,Cat
1707,Cat
1708,Cat
1709,Dog
1710,Dog
1711,Cat
1712,Cat
1713,Dog
1714,Dog
1715,Cat
1716,Dog
1717,Cat
1718,Dog
1719,Dog
1720,Dog
1721,Cat
1722,Cat
1723,Dog
1724,Cat
1725,Cat
1726,Cat
1727,Dog
1728,Dog
1729,Dog
1730,Dog
1731,Cat
1732,Dog
1733,Dog
1734,Cat
1735,Cat
1736,Dog
1737,Dog
1738,Cat
1739,Cat
1740,Cat
1741,Cat
1742,Cat
1743,Dog
1744,Dog
1745,Cat
1746,Cat
1747,Dog
1748,Dog
1749,Cat
1750,Dog
1751,Cat
1752,Dog
1753,Dog
1754,Dog
1755,Cat
1756,Dog
1757,Dog
1758,Dog
1759,Cat
1760,Dog
1761,Dog
1762,Dog
1763,Dog
1764,Dog
1765,Cat
1766,Dog
1767,Cat
1768,Cat
1769,Cat
1770,Dog
1771,Dog
1772,Dog
1773,Dog
1774,Cat
1775,Dog
1776,Cat
1777,Cat
1778,Dog
1779,Dog
1780,Cat
1781,Cat
1782,Dog
1783,Dog
1784,Cat
1785,Cat
1786,Cat
1787,Dog
1788,Dog
1789,Dog
1790,Dog
1791,Cat
1792,Cat
1793,Cat
1794,Dog
1795,Dog
1796,Cat
1797,Dog
1798,Cat
1799,Dog
1800,Cat
1801,Cat
1802,Cat
1803,Cat
1804,Dog
1805,Cat
1806,Dog
1807,Cat
1808,Dog
1809,Dog
1810,Cat
1811,Dog
1812,Dog
1813,Cat
1814,Dog
1815,Dog
1816,Cat
1817,Dog
1818,Cat
1819,Dog
1820,Cat
1821,Cat
1822,Dog
1823,Dog
1824,Cat
1825,Dog
1826,Cat
1827,Cat
1828,Dog
1829,Cat
1830,Cat
1831,Cat
1832,Cat
1833,Cat
1834,Cat
1835,Dog
1836,Dog
1837,Dog
1838,Dog
1839,Dog
1840,Dog
1841,Dog
1842,Dog
1843,Dog
1844,Dog
1845,Cat
1846,Cat
1847,Dog
1848,Dog
1849,Dog
1850,Dog
1851,Dog
1852,Dog
1853,Dog
1854,Dog
1855,Dog
1856,Cat
1857,Dog
1858,Cat
1859,Dog
1860,Dog
1861,Dog
1862,Dog
1863,Cat
1864,Dog
1865,Dog
1866,Dog
1867,Dog
1868,Dog
1869,Cat
1870,Cat
1871,Cat
1872,Cat
1873,Cat
1874,Cat
1875,Cat
1876,Cat
1877,Dog
1878,Dog
1879,Cat
1880,Dog
1881,Dog
1882,Dog
1883,Dog
1884,Dog
1885,Cat
1886,Dog
1887,Cat
1888,Dog
1889,Dog
1890,Cat
1891,Cat
1892,Cat
1893,Cat
1894,Dog
1895,Cat
1896,Cat
1897,Dog
1898,Dog
1899,Cat
1900,Dog
1901,Cat
1902,Cat
1903,Dog
1904,Cat
1905,Dog
1906,Cat
1907,Dog
1908,Cat
1909,Cat
1910,Cat
1911,Dog
1912,Cat
1913,Dog
1914,Dog
1915,Cat
1916,Dog
1917,Cat
1918,Dog
1919,Cat
1920,Cat
1921,Dog
1922,Dog
1923,Dog
1924,Cat
1925,Dog
1926,Dog
1927,Cat
1928,Dog
1929,Dog
1930,Dog
1931,Dog
1932,Cat
1933,Dog
1934,Dog
1935,Dog
1936,Dog
1937,Cat
1938,Dog
1939,Cat
1940,Cat
1941,Cat
1942,Cat
1943,Cat
1944,Dog
1945,Dog
1946,Dog
1947,Cat
1948,Cat
1949,Dog
1950,Cat
1951,Cat
1952,Cat
1953,Cat
1954,Dog
1955,Cat
1956,Cat
1957,Cat
1958,Dog
1959,Dog
1960,Cat
1961,Dog
1962,Cat
1963,Dog
1964,Cat
1965,Dog
1966,Cat
1967,Dog
1968,Dog
1969,Dog
1970,Dog
1971,Dog
1972,Dog
1973,Cat
1974,Cat
1975,Cat
1976,Cat
1977,Dog
1978,Cat
1979,Dog
1980,Cat
1981,Cat
1982,Cat
1983,Dog
1984,Dog
1985,Dog
1986,Dog
1987,Cat
1988,Dog
1989,Cat
1990,Cat
1991,Cat
1992,Dog
1993,Cat
1994,Cat
1995,Cat
1996,Cat
1997,Dog
1998,Dog
1999,Cat
2000,Cat
2001,Cat
2002,Dog
2003,Dog
2004,Dog
2005,Dog
2006,Dog
2007,Dog
2008,Cat
2009,Cat
2010,Dog
2011,Cat
2012,Dog
2013,Cat
2014,Dog
2015,Dog
2016,Dog
2017,Cat
2018,Dog
2019,Cat
2020,Dog
2021,Dog
2022,Cat
2023,Dog
2024,Dog
2025,Cat
2026,Dog
2027,Dog
2028,Cat
2029,Dog
2030,Cat
2031,Dog
2032,Cat
2033,Cat
2034,Cat
2035,Dog
2036,Dog
2037,Cat
2038,Dog
2039,Cat
2040,Cat
2041,Dog
2042,Dog
2043,Dog
2044,Cat
2045,Dog
2046,Cat
2047,Dog
2048,Cat
2049,Cat
2050,Cat
2051,Dog
2052,Cat
2053,Cat
2054,Dog
2055,Cat
2056,Cat
2057,Cat
2058,Cat
2059,Dog
2060,Dog
2061,Dog
2062,Dog
2063,Cat
2064,Cat
2065,Cat
2066,Cat
2067,Dog
2068,Dog
2069,Cat
2070,Cat
2071,Dog
2072,Dog
2073,Cat
2074,Dog
2075,Dog
2076,Cat
2077,Cat
2078,Dog
2079,Cat
2080,Dog
2081,Cat
2082,Dog
2083,Cat
2084,Cat
2085,Dog
2086,Cat
2087,Cat
2088,Cat
2089,Cat
2090,Cat
2091,Dog
2092,Cat
2093,Dog
2094,Cat
2095,Cat
2096,Dog
2097,Cat
2098,Cat
2099,Cat
2100,Cat
2101,Cat
2102,Dog
2103,Dog
2104,Dog
2105,Dog
2106,Dog
2107,Dog
2108,Dog
2109,Cat
2110,Dog
2111,Dog
2112,Dog
2113,Cat
2114,Cat
2115,Dog
2116,Dog
2117,Dog
2118,Dog
2119,Cat
2120,Cat
2121,Cat
2122,Cat
2123,Dog
2124,Dog
2125,Cat
2126,Cat
2127,Cat
2128,Cat
2129,Dog
2130,Cat
2131,Dog
2132,Dog
2133,Dog
2134,Cat
2135,Dog
2136,Dog
2137,Dog
2138,Dog
2139,Dog
2140,Dog
2141,Cat
2142,Dog
2143,Dog
2144,Cat
2145,Dog
2146,Cat
2147,Cat
2148,Cat
2149,Cat
2150,Dog
2151,Cat
2152,Cat
2153,Cat
2154,Cat
2155,Dog
2156,Cat
2157,Dog
2158,Cat
2159,Dog
2160,Dog
2161,Dog
2162,Dog
2163,Dog
2164,Dog
2165,Cat
2166,Cat
2167,Cat
2168,Dog
2169,Dog
2170,Dog
2171,Cat
2172,Dog
2173,Cat
2174,Cat
2175,Dog
2176,Dog
2177,Cat
2178,Dog
2179,Dog
2180,Cat
2181,Cat
2182,Dog
2183,Cat
2184,Cat
2185,Dog
2186,Dog
2187,Dog
2188,Dog
2189,Dog
2190,Cat
2191,Cat
2192,Dog
2193,Cat
2194,Dog
2195,Cat
2196,Dog
2197,Dog
2198,Cat
2199,Cat
2200,Dog
2201,Cat
2202,Cat
2203,Cat
2204,Dog
2205,Cat
2206,Dog
2207,Dog
2208,Cat
2209,Dog
2210,Cat
2211,Dog
2212,Dog
2213,Dog
2214,Dog
2215,Dog
2216,Dog
2217,Dog
2218,Cat
2219,Dog
2220,Dog
2221,Cat
2222,Cat
2223,Cat
2224,Cat
2225,Cat
2226,Cat
2227,Dog
2228,Dog
2229,Cat
2230,Cat
2231,Dog
2232,Cat
2233,Cat
2234,Cat
2235,Cat
2236,Cat
2237,Cat
2238,Cat
2239,Cat
2240,Cat
2241,Dog
2242,Dog
2243,Cat
2244,Cat
2245,Dog
2246,Dog
2247,Cat
2248,Cat
2249,Cat
2250,Cat
2251,Cat
2252,Dog
2253,Dog
2254,Cat
2255,Dog
2256,Dog
2257,Cat
2258,Dog
2259,Dog
2260,Dog
2261,Cat
2262,Cat
2263,Dog
2264,Dog
2265,Dog
2266,Cat
2267,Dog
2268,Cat
2269,Dog
2270,Cat
2271,Cat
2272,Dog
2273,Dog
2274,Cat
2275,Dog
2276,Cat
2277,Dog
2278,Dog
2279,Cat
2280,Cat
2281,Cat
2282,Dog
2283,Cat
2284,Dog
2285,Dog
2286,Dog
2287,Dog
2288,Cat
2289,Dog
2290,Cat
2291,Cat
2292,Dog
2293,Dog
2294,Dog
2295,Dog
2296,Dog
2297,Cat
2298,Cat
2299,Cat
2300,Cat
2301,Cat
2302,Dog
2303,Dog
2304,Cat
2305,Cat
2306,Dog
2307,Cat
2308,Cat
2309,Cat
2310,Cat
2311,Dog
2312,Cat
2313,Dog
2314,Cat
2315,Cat
2316,Dog
2317,Cat
2318,Cat
2319,Dog
2320,Cat
2321,Dog
2322,Dog
2323,Cat
2324,Cat
2325,Cat
2326,Dog
2327,Cat
2328,Dog
2329,Dog
2330,Cat
2331,Cat
2332,Dog
2333,Dog
2334,Dog
2335,Dog
2336,Cat
2337,Dog
2338,Dog
2339,Dog
2340,Dog
2341,Dog
2342,Cat
2343,Cat
2344,Dog
2345,Cat
2346,Cat
2347,Dog
2348,Dog
2349,Cat
2350,Dog
2351,Cat
2352,Dog
2353,Dog
2354,Cat
2355,Cat
2356,Dog
2357,Dog
2358,Cat
2359,Cat
2360,Dog
2361,Cat
2362,Dog
2363,Dog
2364,Dog
2365,Cat
2366,Cat
2367,Dog
2368,Dog
2369,Dog
2370,Cat
2371,Cat
2372,Cat
2373,Cat
2374,Dog
2375,Dog
2376,Cat
2377,Cat
2378,Cat
2379,Dog
2380,Dog
2381,Cat
2382,Dog
2383,Cat
2384,Dog
2385,Dog
2386,Cat
2387,Dog
2388,Dog
2389,Dog
2390,Dog
2391,Dog
2392,Cat
2393,Cat
2394,Cat
2395,Dog
2396,Cat
2397,Dog
2398,Dog
2399,Dog
2400,Cat
2401,Cat
2402,Cat
2403,Cat
2404,Dog
2405,Cat
2406,Dog
2407,Dog
2408,Cat
2409,Cat
2410,Dog
2411,Dog
2412,Dog
2413,Dog
2414,Cat
2415,Cat
2416,Dog
2417,Cat
2418,Cat
2419,Dog
2420,Dog
2421,Cat
2422,Cat
2423,Dog
2424,Cat
2425,Cat
2426,Dog
2427,Cat
2428,Cat
2429,Dog
2430,Cat
2431,Cat
2432,Cat
2433,Dog
2434,Cat
2435,Cat
2436,Dog
2437,Dog
2438,Dog
2439,Cat
2440,Dog
2441,Cat
2442,Cat
2443,Dog
2444,Cat
2445,Dog
2446,Cat
2447,Cat
2448,Dog
2449,Cat
2450,Dog
2451,Cat
2452,Cat
2453,Cat
2454,Dog
2455,Cat
2456,Cat
2457,Dog
2458,Dog
2459,Dog
2460,Dog
2461,Cat
2462,Dog
2463,Dog
2464,Cat
2465,Dog
2466,Dog
2467,Cat
2468,Dog
2469,Dog
2470,Dog
2471,Dog
2472,Cat
2473,Cat
2474,Cat
2475,Cat
2476,Cat
2477,Cat
2478,Dog
2479,Cat
2480,Dog
2481,Dog
2482,Cat
2483,Dog
2484,Cat
2485,Cat
2486,Dog
2487,Dog
2488,Dog
2489,Cat
2490,Cat
2491,Dog
2492,Dog
2493,Cat
2494,Dog
2495,Dog
2496,Cat
2497,Cat
2498,Dog
2499,Dog
2500,Cat
2501,Cat
2502,Dog
2503,Cat
2504,Cat
2505,Cat
2506,Cat
2507,Dog
2508,Dog
2509,Cat
2510,Cat
2511,Dog
2512,Dog
2513,Dog
2514,Cat
2515,Dog
2516,Cat
2517,Cat
2518,Cat
2519,Cat
2520,Cat
2521,Dog
2522,Dog
2523,Dog
2524,Dog
2525,Dog
2526,Dog
2527,Cat
2528,Cat
2529,Dog
2530,Cat
2531,Cat
2532,Dog
2533,Dog
2534,Cat
2535,Cat
2536,Dog
2537,Dog
2538,Dog
2539,Cat
2540,Cat
2541,Dog
2542,Dog
2543,Cat
2544,Cat
2545,Dog
2546,Dog
2547,Cat
2548,Dog
2549,Dog
2550,Cat
2551,Cat
2552,Dog
2553,Cat
2554,Cat
2555,Dog
2556,Dog
2557,Dog
2558,Dog
2559,Cat
2560,Dog
2561,Dog
2562,Cat
2563,Dog
2564,Cat
2565,Cat
2566,Dog
2567,Dog
2568,Dog
2569,Cat
2570,Cat
2571,Dog
2572,Dog
2573,Cat
2574,Dog
2575,Cat
2576,Dog
2577,Dog
2578,Cat
2579,Dog
2580,Cat
2581,Cat
2582,Cat
2583,Dog
2584,Cat
2585,Cat
2586,Dog
2587,Dog
2588,Cat
2589,Cat
2590,Cat
2591,Dog
2592,Cat
2593,Cat
2594,Cat
2595,Cat
2596,Cat
2597,Dog
2598,Cat
2599,Dog
2600,Cat
2601,Dog
2602,Cat
2603,Dog
2604,Cat
2605,Dog
2606,Cat
2607,Dog
2608,Dog
2609,Dog
2610,Dog
2611,Dog
2612,Dog
2613,Cat
2614,Dog
2615,Dog
2616,Dog
2617,Dog
2618,Cat
2619,Dog
2620,Dog
2621,Dog
2622,Dog
2623,Cat
2624,Dog
2625,Dog
2626,Dog
2627,Cat
2628,Dog
2629,Dog
2630,Dog
2631,Cat
2632,Dog
2633,Dog
2634,Dog
2635,Dog
2636,Cat
2637,Cat
2638,Cat
2639,Dog
2640,Dog
2641,Dog
2642,Cat
2643,Cat
2644,Dog
2645,Cat
2646,Cat
2647,Dog
2648,Cat
2649,Dog
2650,Dog
2651,Dog
2652,Cat
2653,Dog
2654,Dog
2655,Dog
2656,Cat
2657,Dog
2658,Dog
2659,Dog
2660,Dog
2661,Cat
2662,Dog
2663,Dog
2664,Cat
2665,Dog
2666,Cat
2667,Dog
2668,Cat
2669,Cat
2670,Dog
2671,Dog
2672,Cat
2673,Dog
2674,Cat
2675,Dog
2676,Dog
2677,Cat
2678,Cat
2679,Cat
2680,Cat
2681,Cat
2682,Cat
2683,Dog
2684,Cat
2685,Cat
2686,Cat
2687,Cat
2688,Cat
2689,Dog
2690,Cat
2691,Cat
2692,Cat
2693,Cat
2694,Cat
2695,Dog
2696,Dog
2697,Dog
2698,Cat
2699,Dog
2700,Dog
2701,Dog
2702,Cat
2703,Dog
2704,Cat
2705,Cat
2706,Cat
2707,Cat
2708,Dog
2709,Cat
2710,Cat
2711,Dog
2712,Cat
2713,Dog
2714,Cat
2715,Dog
2716,Dog
2717,Dog
2718,Cat
2719,Dog
2720,Dog
2721,Cat
2722,Dog
2723,Dog
2724,Dog
2725,Cat
2726,Dog
2727,Cat
2728,Cat
2729,Dog
2730,Dog
2731,Cat
2732,Dog
2733,Cat
2734,Cat
2735,Cat
2736,Cat
2737,Cat
2738,Cat
2739,Dog
2740,Dog
2741,Dog
2742,Cat
2743,Dog
2744,Cat
2745,Cat
2746,Cat
2747,Dog
2748,Dog
2749,Cat
2750,Cat
2751,Dog
2752,Dog
2753,Dog
2754,Dog
2755,Dog
2756,Cat
2757,Dog
2758,Cat
2759,Cat
2760,Dog
2761,Dog
2762,Cat
2763,Dog
2764,Dog
2765,Cat
2766,Dog
2767,Cat
2768,Cat
2769,Dog
2770,Dog
2771,Cat
2772,Dog
2773,Cat
2774,Cat
2775,Cat
2776,Cat
2777,Dog
2778,Cat
2779,Cat
2780,Cat
2781,Cat
2782,Dog
2783,Dog
2784,Dog
2785,Dog
2786,Dog
2787,Cat
2788,Dog
2789,Dog
2790,Cat
2791,Dog
2792,Cat
2793,Cat
2794,Cat
2795,Dog
2796,Cat
2797,Dog
2798,Cat
2799,Cat
2800,Cat
2801,Dog
2802,Cat
2803,Cat
2804,Cat
2805,Cat
2806,Dog
2807,Cat
2808,Dog
2809,Dog
2810,Dog
2811,Cat
2812,Cat
2813,Cat
2814,Cat
2815,Cat
2816,Cat
2817,Cat
2818,Dog
2819,Dog
2820,Cat
2821,Cat
2822,Cat
2823,Cat
2824,Dog
2825,Cat
2826,Dog
2827,Cat
2828,Dog
2829,Cat
2830,Dog
2831,Cat
2832,Cat
2833,Dog
2834,Cat
2835,Cat
2836,Dog
2837,Dog
2838,Dog
2839,Cat
2840,Dog
2841,Cat
2842,Dog
2843,Cat
2844,Dog
2845,Dog
2846,Dog
2847,Dog
2848,Dog
2849,Cat
2850,Dog
2851,Cat
2852,Cat
2853,Cat
2854,Dog
2855,Cat
2856,Cat
2857,Cat
2858,Cat
2859,Cat
2860,Cat
2861,Dog
2862,Dog
2863,Dog
2864,Cat
2865,Dog
2866,Dog
2867,Cat
2868,Cat
2869,Cat
2870,Cat
2871,Dog
2872,Dog
2873,Cat
2874,Dog
2875,Cat
2876,Dog
2877,Dog
2878,Cat
2879,Cat
2880,Dog
2881,Cat
2882,Cat
2883,Cat
2884,Dog
2885,Cat
2886,Cat
2887,Cat
2888,Dog
2889,Cat
2890,Cat
2891,Cat
2892,Dog
2893,Cat
2894,Dog
2895,Dog
2896,Dog
2897,Cat
2898,Cat
2899,Dog
2900,Cat
2901,Cat
2902,Cat
2903,Dog
2904,Cat
2905,Cat
2906,Dog
2907,Cat
2908,Dog
2909,Cat
2910,Dog
2911,Cat
2912,Cat
2913,Dog
2914,Cat
2915,Dog
2916,Dog
2917,Cat
2918,Cat
2919,Cat
2920,Cat
2921,Cat
2922,Dog
2923,Dog
2924,Dog
2925,Cat
2926,Dog
2927,Cat
2928,Dog
2929,Cat
2930,Dog
2931,Dog
2932,Cat
2933,Dog
2934,Cat
2935,Dog
2936,Cat
2937,Dog
2938,Dog
2939,Dog
2940,Cat
2941,Dog
2942,Cat
2943,Dog
2944,Cat
2945,Cat
2946,Cat
2947,Dog
2948,Dog
2949,Cat
2950,Cat
2951,Cat
2952,Dog
2953,Dog
2954,Cat
2955,Dog
2956,Cat
2957,Cat
2958,Cat
2959,Cat
2960,Cat
2961,Dog
2962,Dog
2963,Cat
2964,Dog
2965,Cat
2966,Dog
2967,Dog
2968,Dog
2969,Dog
2970,Cat
2971,Cat
2972,Dog
2973,Dog
2974,Dog
2975,Cat
2976,Dog
2977,Dog
2978,Dog
2979,Cat
2980,Cat
2981,Cat
2982,Dog
2983,Dog
2984,Cat
2985,Cat
2986,Dog
2987,Cat
2988,Dog
2989,Cat
2990,Dog
2991,Cat
2992,Dog
2993,Cat
2994,Dog
2995,Cat
2996,Cat
2997,Cat
2998,Cat
2999,Dog
3000,Cat
3001,Dog
3002,Dog
3003,Cat
3004,Dog
3005,Cat
3006,Dog
3007,Cat
3008,Cat
3009,Cat
3010,Dog
3011,Dog
3012,Dog
3013,Cat
3014,Dog
3015,Cat
3016,Cat
3017,Cat
3018,Dog
3019,Cat
3020,Dog
3021,Dog
3022,Dog
3023,Cat
3024,Dog
3025,Dog
3026,Dog
3027,Cat
3028,Dog
3029,Cat
3030,Dog
3031,Cat
3032,Cat
3033,Cat
3034,Cat
3035,Cat
3036,Dog
3037,Dog
3038,Cat
3039,Dog
3040,Dog
3041,Cat
3042,Cat
3043,Dog
3044,Cat
3045,Dog
3046,Cat
3047,Cat
3048,Dog
3049,Dog
3050,Cat
3051,Dog
3052,Dog
3053,Dog
3054,Dog
3055,Dog
3056,Cat
3057,Dog
3058,Dog
3059,Dog
3060,Cat
3061,Cat
3062,Dog
3063,Dog
3064,Cat
3065,Dog
3066,Dog
3067,Cat
3068,Dog
3069,Dog
3070,Cat
3071,Dog
3072,Cat
3073,Dog
3074,Cat
3075,Dog
3076,Dog
3077,Cat
3078,Dog
3079,Cat
3080,Cat
3081,Dog
3082,Cat
3083,Cat
3084,Cat
3085,Cat
3086,Cat
3087,Dog
3088,Cat
3089,Dog
3090,Dog
3091,Dog
3092,Cat
3093,Cat
3094,Cat
3095,Cat
3096,Cat
3097,Cat
3098,Cat
3099,Dog
3100,Dog
3101,Dog
3102,Cat
3103,Dog
3104,Dog
3105,Dog
3106,Cat
3107,Dog
3108,Dog
3109,Cat
3110,Cat
3111,Dog
3112,Dog
3113,Dog
3114,Cat
3115,Cat
3116,Dog
3117,Dog
3118,Cat
3119,Cat
3120,Cat
3121,Cat
3122,Dog
3123,Cat
3124,Cat
3125,Cat
3126,Cat
3127,Dog
3128,Cat
3129,Dog
3130,Dog
3131,Dog
3132,Dog
3133,Dog
3134,Cat
3135,Dog
3136,Dog
3137,Dog
3138,Cat
3139,Cat
3140,Cat
3141,Dog
3142,Dog
3143,Cat
3144,Dog
3145,Cat
3146,Cat
3147,Cat
3148,Dog
3149,Dog
3150,Dog
3151,Cat
3152,Dog
3153,Dog
3154,Dog
3155,Cat
3156,Dog
3157,Cat
3158,Cat
3159,Dog
3160,Cat
3161,Dog
3162,Dog
3163,Dog
3164,Cat
3165,Cat
3166,Cat
3167,Cat
3168,Cat
3169,Dog
3170,Cat
3171,Cat
3172,Cat
3173,Cat
3174,Cat
3175,Cat
3176,Dog
3177,Cat
3178,Dog
3179,Dog
3180,Cat
3181,Dog
3182,Cat
3183,Dog
3184,Cat
3185,Dog
3186,Cat
3187,Cat
3188,Dog
3189,Cat
3190,Dog
3191,Dog
3192,Cat
3193,Dog
3194,Dog
3195,Dog
3196,Dog
3197,Cat
3198,Dog
3199,Cat
3200,Cat
3201,Cat
3202,Dog
3203,Cat
3204,Cat
3205,Dog
3206,Dog
3207,Cat
3208,Dog
3209,Cat
3210,Dog
3211,Dog
3212,Dog
3213,Cat
3214,Cat
3215,Dog
3216,Cat
3217,Cat
3218,Dog
3219,Dog
3220,Cat
3221,Cat
3222,Dog
3223,Dog
3224,Dog
3225,Dog
3226,Cat
3227,Cat
3228,Dog
3229,Cat
3230,Dog
3231,Dog
3232,Cat
3233,Dog
3234,Cat
3235,Dog
3236,Dog
3237,Dog
3238,Dog
3239,Dog
3240,Cat
3241,Dog
3242,Cat
3243,Dog
3244,Dog
3245,Cat
3246,Cat
3247,Cat
3248,Dog
3249,Dog
3250,Dog
3251,Dog
3252,Dog
3253,Cat
3254,Cat
3255,Cat
3256,Cat
3257,Dog
3258,Cat
3259,Cat
3260,Dog
3261,Cat
3262,Cat
3263,Cat
3264,Cat
3265,Dog
3266,Cat
3267,Dog
3268,Cat
3269,Dog
3270,Cat
3271,Dog
3272,Cat
3273,Cat
3274,Cat
3275,Cat
3276,Dog
3277,Dog
3278,Dog
3279,Dog
3280,Cat
3281,Cat
3282,Dog
3283,Dog
3284,Cat
3285,Dog
3286,Cat
3287,Dog
3288,Cat
3289,Dog
3290,Cat
3291,Cat
3292,Dog
3293,Cat
3294,Cat
3295,Dog
3296,Cat
3297,Cat
3298,Dog
3299,Dog
3300,Cat
3301,Cat
3302,Cat
3303,Cat
3304,Dog
3305,Dog
3306,Dog
3307,Dog
3308,Dog
3309,Cat
3310,Dog
3311,Cat
3312,Cat
3313,Cat
3314,Dog
3315,Cat
3316,Dog
3317,Dog
3318,Cat
3319,Cat
3320,Cat
3321,Cat
3322,Cat
3323,Dog
3324,Cat
3325,Dog
3326,Dog
3327,Dog
3328,Dog
3329,Dog
3330,Dog
3331,Dog
3332,Dog
3333,Dog
3334,Cat
3335,Dog
3336,Dog
3337,Cat
3338,Cat
3339,Cat
3340,Cat
3341,Dog
3342,Dog
3343,Cat
3344,Dog
3345,Dog
3346,Dog
3347,Dog
3348,Cat
3349,Dog
3350,Dog
3351,Cat
3352,Dog
3353,Dog
3354,Cat
3355,Cat
3356,Cat
3357,Cat
3358,Cat
3359,Cat
3360,Cat
3361,Cat
3362,Dog
3363,Cat
3364,Cat
3365,Cat
3366,Cat
3367,Cat
3368,Dog
3369,Dog
3370,Dog
3371,Dog
3372,Dog
3373,Dog
3374,Cat
3375,Dog
3376,Dog
3377,Dog
3378,Dog
3379,Dog
3380,Cat
3381,Cat
3382,Cat
3383,Cat
3384,Cat
3385,Dog
3386,Cat
3387,Cat
3388,Dog
3389,Dog
3390,Cat
3391,Cat
3392,Dog
3393,Cat
3394,Cat
3395,Cat
3396,Cat
3397,Dog
3398,Dog
3399,Dog
3400,Dog
3401,Cat
3402,Cat
3403,Dog
3404,Dog
3405,Dog
3406,Cat
3407,Dog
3408,Dog
3409,Cat
3410,Cat
3411,Cat
3412,Dog
3413,Cat
3414,Cat
3415,Dog
3416,Dog
3417,Cat
3418,Dog
3419,Cat
3420,Dog
3421,Dog
3422,Dog
3423,Cat
3424,Cat
3425,Dog
3426,Dog
3427,Cat
3428,Cat
3429,Cat
3430,Dog
3431,Cat
3432,Cat
3433,Dog
3434,Dog
3435,Dog
3436,Cat
3437,Cat
3438,Cat
3439,Dog
3440,Cat
3441,Cat
3442,Cat
3443,Dog
3444,Dog
3445,Dog
3446,Dog
3447,Cat
3448,Dog
3449,Cat
3450,Cat
3451,Dog
3452,Cat
3453,Cat
3454,Cat
3455,Dog
3456,Cat
3457,Dog
3458,Cat
3459,Dog
3460,Cat
3461,Dog
3462,Cat
3463,Cat
3464,Dog
3465,Dog
3466,Dog
3467,Dog
3468,Cat
3469,Dog
3470,Cat
3471,Dog
3472,Dog
3473,Cat
3474,Cat
3475,Dog
3476,Cat
3477,Dog
3478,Dog
3479,Cat
3480,Cat
3481,Cat
3482,Cat
3483,Dog
3484,Cat
3485,Dog
3486,Dog
3487,Dog
3488,Dog
3489,Cat
3490,Cat
3491,Dog
3492,Cat
3493,Cat
3494,Cat
3495,Dog
3496,Cat
3497,Cat
3498,Dog
3499,Cat
3500,Cat
3501,Cat
3502,Cat
3503,Cat
3504,Dog
3505,Dog
3506,Cat
3507,Dog
3508,Dog
3509,Dog
3510,Dog
3511,Dog
3512,Dog
3513,Dog
3514,Cat
3515,Dog
3516,Cat
3517,Cat
3518,Dog
3519,Cat
3520,Cat
3521,Cat
3522,Dog
3523,Cat
3524,Dog
3525,Dog
3526,Dog
3527,Cat
3528,Dog
3529,Cat
3530,Cat
3531,Cat
3532,Dog
3533,Cat
3534,Dog
3535,Cat
3536,Dog
3537,Dog
3538,Dog
3539,Cat
3540,Cat
3541,Dog
3542,Cat
3543,Cat
3544,Dog
3545,Dog
3546,Dog
3547,Cat
3548,Dog
3549,Cat
3550,Dog
3551,Dog
3552,Cat
3553,Dog
3554,Cat
3555,Cat
3556,Dog
3557,Dog
3558,Dog
3559,Dog
3560,Dog
3561,Cat
3562,Dog
3563,Cat
3564,Dog
3565,Dog
3566,Cat
3567,Dog
3568,Dog
3569,Dog
3570,Dog
3571,Dog
3572,Cat
3573,Dog
3574,Cat
3575,Dog
3576,Dog
3577,Cat
3578,Dog
3579,Cat
3580,Cat
3581,Cat
3582,Cat
3583,Cat
3584,Cat
3585,Dog
3586,Dog
3587,Cat
3588,Dog
3589,Cat
3590,Cat
3591,Dog
3592,Cat
3593,Dog
3594,Dog
3595,Dog
3596,Dog
3597,Dog
3598,Cat
3599,Dog
3600,Cat
3601,Cat
3602,Dog
3603,Dog
3604,Dog
3605,Dog
3606,Cat
3607,Dog
3608,Cat
3609,Dog
3610,Cat
3611,Cat
3612,Cat
3613,Cat
3614,Dog
3615,Cat
3616,Dog
3617,Cat
3618,Dog
3619,Cat
3620,Cat
3621,Cat
3622,Dog
3623,Dog
3624,Cat
3625,Dog
3626,Dog
3627,Dog
3628,Dog
3629,Cat
3630,Cat
3631,Cat
3632,Dog
3633,Dog
3634,Cat
3635,Cat
3636,Cat
3637,Dog
3638,Dog
3639,Cat
3640,Cat
3641,Cat
3642,Dog
3643,Cat
3644,Dog
3645,Cat
3646,Dog
3647,Dog
3648,Dog
3649,Dog
3650,Cat
3651,Dog
3652,Cat
3653,Cat
3654,Cat
3655,Cat
3656,Cat
3657,Cat
3658,Cat
3659,Dog
3660,Cat
3661,Cat
3662,Dog
3663,Dog
3664,Dog
3665,Cat
3666,Cat
3667,Dog
3668,Dog
3669,Dog
3670,Cat
3671,Dog
3672,Cat
3673,Cat
3674,Cat
3675,Cat
3676,Cat
3677,Cat
3678,Dog
3679,Cat
3680,Dog
3681,Dog
3682,Dog
3683,Cat
3684,Dog
3685,Cat
3686,Dog
3687,Cat
3688,Cat
3689,Cat
3690,Dog
3691,Dog
3692,Cat
3693,Dog
3694,Dog
3695,Cat
3696,Cat
3697,Dog
3698,Dog
3699,Dog
3700,Dog
3701,Dog
3702,Cat
3703,Cat
3704,Dog
3705,Dog
3706,Dog
3707,Dog
3708,Cat
3709,Cat
3710,Cat
3711,Cat
3712,Dog
3713,Cat
3714,Dog
3715,Dog
3716,Cat
3717,Dog
3718,Cat
3719,Dog
3720,Cat
3721,Dog
3722,Dog
3723,Dog
3724,Cat
3725,Cat
3726,Dog
3727,Cat
3728,Dog
3729,Dog
3730,Dog
3731,Cat
3732,Dog
3733,Cat
3734,Cat
3735,Cat
3736,Cat
3737,Cat
3738,Cat
3739,Cat
3740,Dog
3741,Dog
3742,Cat
3743,Dog
3744,Cat
3745,Cat
3746,Cat
3747,Dog
3748,Cat
3749,Dog
3750,Dog
3751,Cat
3752,Dog
3753,Dog
3754,Cat
3755,Cat
3756,Dog
3757,Cat
3758,Dog
3759,Cat
3760,Dog
3761,Cat
3762,Dog
3763,Dog
3764,Dog
3765,Cat
3766,Cat
3767,Cat
3768,Cat
3769,Dog
3770,Cat
3771,Dog
3772,Dog
3773,Dog
3774,Cat
3775,Dog
3776,Dog
3777,Cat
3778,Cat
3779,Cat
3780,Dog
3781,Cat
3782,Dog
3783,Cat
3784,Dog
3785,Cat
3786,Dog
3787,Cat
3788,Dog
3789,Dog
3790,Cat
3791,Dog
3792,Dog
3793,Dog
3794,Dog
3795,Cat
3796,Dog
3797,Dog
3798,Dog
3799,Cat
3800,Cat
3801,Dog
3802,Cat
3803,Cat
3804,Dog
3805,Dog
3806,Cat
3807,Dog
3808,Dog
3809,Cat
3810,Dog
3811,Dog
3812,Dog
3813,Cat
3814,Dog
3815,Dog
3816,Dog
3817,Cat
3818,Cat
3819,Dog
3820,Cat
3821,Dog
3822,Cat
3823,Cat
3824,Cat
3825,Dog
3826,Dog
3827,Cat
3828,Dog
3829,Dog
3830,Dog
3831,Dog
3832,Cat
3833,Cat
3834,Cat
3835,Cat
3836,Dog
3837,Cat
3838,Dog
3839,Dog
3840,Dog
3841,Cat
3842,Cat
3843,Cat
3844,Dog
3845,Dog
3846,Cat
3847,Dog
3848,Dog
3849,Cat
3850,Dog
3851,Dog
3852,Dog
3853,Dog
3854,Dog
3855,Cat
3856,Dog
3857,Dog
3858,Cat
3859,Dog
3860,Dog
3861,Cat
3862,Cat
3863,Dog
3864,Dog
3865,Dog
3866,Cat
3867,Cat
3868,Cat
3869,Dog
3870,Dog
3871,Cat
3872,Dog
3873,Dog
3874,Cat
3875,Dog
3876,Cat
3877,Dog
3878,Dog
3879,Cat
3880,Dog
3881,Cat
3882,Cat
3883,Dog
3884,Dog
3885,Cat
3886,Cat
3887,Cat
3888,Cat
3889,Dog
3890,Dog
3891,Cat
3892,Dog
3893,Cat
3894,Dog
3895,Dog
3896,Dog
3897,Dog
3898,Dog
3899,Dog
3900,Cat
3901,Dog
3902,Dog
3903,Dog
3904,Dog
3905,Dog
3906,Dog
3907,Cat
3908,Dog
3909,Dog
3910,Cat
3911,Dog
3912,Dog
3913,Dog
3914,Cat
3915,Dog
3916,Dog
3917,Dog
3918,Dog
3919,Dog
3920,Dog
3921,Dog
3922,Cat
3923,Dog
3924,Dog
3925,Cat
3926,Dog
3927,Cat
3928,Cat
3929,Cat
3930,Dog
3931,Dog
3932,Cat
3933,Dog
3934,Dog
3935,Dog
3936,Dog
3937,Cat
3938,Dog
3939,Dog
3940,Dog
3941,Dog
3942,Dog
3943,Dog
3944,Cat
3945,Dog
3946,Dog
3947,Cat
3948,Dog
3949,Dog
3950,Cat
3951,Dog
3952,Cat
3953,Dog
3954,Dog
3955,Dog
3956,Cat
3957,Dog
3958,Cat
3959,Dog
3960,Dog
3961,Dog
3962,Cat
3963,Cat
3964,Dog
3965,Dog
3966,Cat
3967,Cat
3968,Dog
3969,Dog
3970,Dog
3971,Dog
3972,Dog
3973,Cat
3974,Dog
3975,Cat
3976,Cat
3977,Dog
3978,Dog
3979,Cat
3980,Cat
3981,Cat
3982,Dog
3983,Dog
3984,Cat
3985,Dog
3986,Cat
3987,Dog
3988,Cat
3989,Cat
3990,Dog
3991,Cat
3992,Dog
3993,Dog
3994,Cat
3995,Dog
3996,Cat
3997,Dog
3998,Cat
3999,Dog
4000,Dog
4001,Cat
4002,Dog
4003,Dog
4004,Dog
4005,Dog
4006,Dog
4007,Cat
4008,Cat
4009,Dog
4010,Dog
4011,Dog
4012,Dog
4013,Dog
4014,Dog
4015,Cat
4016,Cat
4017,Dog
4018,Cat
4019,Dog
4020,Dog
4021,Dog
4022,Cat
4023,Dog
4024,Cat
4025,Cat
4026,Cat
4027,Cat
4028,Dog
4029,Cat
4030,Dog
4031,Cat
4032,Cat
4033,Cat
4034,Cat
4035,Dog
4036,Dog
4037,Dog
4038,Cat
4039,Cat
4040,Cat
4041,Cat
4042,Cat
4043,Dog
4044,Cat
4045,Cat
4046,Cat
4047,Cat
4048,Dog
4049,Cat
4050,Dog
4051,Cat
4052,Dog
4053,Dog
4054,Cat
4055,Cat
4056,Cat
4057,Dog
4058,Dog
4059,Cat
4060,Cat
4061,Dog
4062,Dog
4063,Dog
4064,Dog
4065,Cat
4066,Cat
4067,Dog
4068,Dog
4069,Cat
4070,Dog
4071,Cat
4072,Dog
4073,Cat
4074,Cat
4075,Cat
4076,Dog
4077,Dog
4078,Cat
4079,Cat
4080,Cat
4081,Dog
4082,Dog
4083,Cat
4084,Cat
4085,Cat
4086,Dog
4087,Dog
4088,Dog
4089,Cat
4090,Cat
4091,Dog
4092,Cat
4093,Cat
4094,Cat
4095,Cat
4096,Cat
4097,Cat
4098,Cat
4099,Cat
4100,Dog
4101,Cat
4102,Dog
4103,Dog
4104,Dog
4105,Cat
4106,Cat
4107,Dog
4108,Cat
4109,Dog
4110,Dog
4111,Cat
4112,Dog
4113,Dog
4114,Dog
4115,Dog
4116,Cat
4117,Cat
4118,Cat
4119,Cat
4120,Cat
4121,Dog
4122,Dog
4123,Dog
4124,Cat
4125,Cat
4126,Dog
4127,Cat
4128,Cat
4129,Cat
4130,Dog
4131,Cat
4132,Cat
4133,Dog
4134,Cat
4135,Dog
4136,Cat
4137,Dog
4138,Cat
4139,Cat
4140,Dog
4141,Cat
4142,Dog
4143,Cat
4144,Cat
4145,Cat
4146,Cat
4147,Cat
4148,Cat
4149,Cat
4150,Dog
4151,Dog
4152,Dog
4153,Cat
4154,Cat
4155,Cat
4156,Cat
4157,Dog
4158,Cat
4159,Dog
4160,Cat
4161,Cat
4162,Cat
4163,Cat
4164,Dog
4165,Dog
4166,Dog
4167,Dog
4168,Cat
4169,Dog
4170,Cat
4171,Dog
4172,Dog
4173,Cat
4174,Cat
4175,Cat
4176,Dog
4177,Cat
4178,Dog
4179,Cat
4180,Cat
4181,Cat
4182,Dog
4183,Cat
4184,Cat
4185,Cat
4186,Cat
4187,Dog
4188,Cat
4189,Cat
4190,Cat
4191,Cat
4192,Cat
4193,Cat
4194,Cat
4195,Dog
4196,Cat
4197,Dog
4198,Cat
4199,Dog
4200,Dog
4201,Cat
4202,Dog
4203,Dog
4204,Cat
4205,Cat
4206,Cat
4207,Cat
4208,Cat
4209,Cat
4210,Cat
4211,Dog
4212,Dog
4213,Cat
4214,Dog
4215,Cat
4216,Dog
4217,Dog
4218,Dog
4219,Dog
4220,Cat
4221,Dog
4222,Cat
4223,Cat
4224,Cat
4225,Dog
4226,Dog
4227,Cat
4228,Dog
4229,Dog
4230,Cat
4231,Cat
4232,Cat
4233,Dog
4234,Cat
4235,Dog
4236,Cat
4237,Cat
4238,Cat
4239,Dog
4240,Dog
4241,Cat
4242,Cat
4243,Dog
4244,Cat
4245,Cat
4246,Cat
4247,Dog
4248,Cat
4249,Dog
4250,Dog
4251,Dog
4252,Dog
4253,Dog
4254,Cat
4255,Cat
4256,Cat
4257,Dog
4258,Dog
4259,Dog
4260,Dog
4261,Cat
4262,Cat
4263,Cat
4264,Dog
4265,Cat
4266,Dog
4267,Cat
4268,Cat
4269,Dog
4270,Cat
4271,Dog
4272,Dog
4273,Dog
4274,Cat
4275,Cat
4276,Dog
4277,Dog
4278,Cat
4279,Cat
4280,Cat
4281,Dog
4282,Dog
4283,Cat
4284,Cat
4285,Dog
4286,Cat
4287,Dog
4288,Dog
4289,Dog
4290,Cat
4291,Cat
4292,Cat
4293,Cat
4294,Cat
4295,Dog
4296,Cat
4297,Cat
4298,Cat
4299,Dog
4300,Dog
4301,Cat
4302,Cat
4303,Cat
4304,Dog
4305,Dog
4306,Cat
4307,Dog
4308,Dog
4309,Dog
4310,Dog
4311,Dog
4312,Dog
4313,Dog
4314,Cat
4315,Cat
4316,Cat
4317,Dog
4318,Cat
4319,Dog
4320,Dog
4321,Dog
4322,Cat
4323,Cat
4324,Cat
4325,Cat
4326,Cat
4327,Cat
4328,Dog
4329,Dog
4330,Dog
4331,Dog
4332,Cat
4333,Cat
4334,Dog
4335,Cat
4336,Dog
4337,Dog
4338,Dog
4339,Dog
4340,Dog
4341,Cat
4342,Dog
4343,Dog
4344,Cat
4345,Dog
4346,Dog
4347,Dog
4348,Cat
4349,Cat
4350,Cat
4351,Cat
4352,Dog
4353,Cat
4354,Dog
4355,Dog
4356,Dog
4357,Cat
4358,Cat
4359,Dog
4360,Dog
4361,Cat
4362,Dog
4363,Dog
4364,Dog
4365,Cat
4366,Cat
4367,Cat
4368,Dog
4369,Dog
4370,Cat
4371,Dog
4372,Cat
4373,Dog
4374,Cat
4375,Cat
4376,Dog
4377,Cat
4378,Cat
4379,Cat
4380,Dog
4381,Cat
4382,Cat
4383,Dog
4384,Cat
4385,Cat
4386,Cat
4387,Dog
4388,Cat
4389,Cat
4390,Dog
4391,Cat
4392,Cat
4393,Dog
4394,Dog
4395,Dog
4396,Cat
4397,Dog
4398,Dog
4399,Dog
4400,Cat
4401,Dog
4402,Dog
4403,Cat
4404,Cat
4405,Dog
4406,Dog
4407,Dog
4408,Cat
4409,Cat
4410,Dog
4411,Dog
4412,Cat
4413,Dog
4414,Cat
4415,Dog
4416,Cat
4417,Cat
4418,Dog
4419,Dog
4420,Dog
4421,Cat
4422,Cat
4423,Cat
4424,Dog
4425,Cat
4426,Dog
4427,Cat
4428,Cat
4429,Dog
4430,Dog
4431,Dog
4432,Cat
4433,Dog
4434,Cat
4435,Dog
4436,Cat
4437,Cat
4438,Dog
4439,Cat
4440,Dog
4441,Cat
4442,Cat
4443,Cat
4444,Cat
4445,Cat
4446,Cat
4447,Dog
4448,Dog
4449,Cat
4450,Cat
4451,Dog
4452,Cat
4453,Cat
4454,Cat
4455,Cat
4456,Cat
4457,Dog
4458,Cat
4459,Dog
4460,Cat
4461,Cat
4462,Cat
4463,Dog
4464,Dog
4465,Cat
4466,Cat
4467,Cat
4468,Cat
4469,Dog
4470,Dog
4471,Cat
4472,Cat
4473,Cat
4474,Dog
4475,Dog
4476,Cat
4477,Dog
4478,Dog
4479,Cat
4480,Cat
4481,Cat
4482,Cat
4483,Dog
4484,Cat
4485,Cat
4486,Cat
4487,Dog
4488,Cat
4489,Cat
4490,Cat
4491,Dog
4492,Dog
4493,Cat
4494,Dog
4495,Dog
4496,Dog
4497,Dog
4498,Dog
4499,Dog
4500,Cat
4501,Dog
4502,Dog
4503,Cat
4504,Dog
4505,Dog
4506,Dog
4507,Dog
4508,Cat
4509,Cat
4510,Dog
4511,Cat
4512,Cat
4513,Cat
4514,Cat
4515,Dog
4516,Cat
4517,Dog
4518,Dog
4519,Dog
4520,Dog
4521,Cat
4522,Dog
4523,Cat
4524,Dog
4525,Dog
4526,Cat
4527,Dog
4528,Cat
4529,Cat
4530,Dog
4531,Dog
4532,Cat
4533,Dog
4534,Cat
4535,Cat
4536,Dog
4537,Dog
4538,Dog
4539,Cat
4540,Cat
4541,Cat
4542,Dog
4543,Dog
4544,Dog
4545,Cat
4546,Dog
4547,Cat
4548,Dog
4549,Cat
4550,Dog
4551,Dog
4552,Dog
4553,Cat
4554,Cat
4555,Dog
4556,Cat
4557,Dog
4558,Dog
4559,Dog
4560,Cat
4561,Dog
4562,Dog
4563,Dog
4564,Dog
4565,Cat
4566,Dog
4567,Dog
4568,Dog
4569,Dog
4570,Cat
4571,Dog
4572,Dog
4573,Cat
4574,Dog
4575,Dog
4576,Cat
4577,Cat
4578,Cat
4579,Dog
4580,Dog
4581,Dog
4582,Cat
4583,Dog
4584,Cat
4585,Cat
4586,Cat
4587,Dog
4588,Dog
4589,Dog
4590,Dog
4591,Dog
4592,Dog
4593,Dog
4594,Dog
4595,Dog
4596,Cat
4597,Cat
4598,Cat
4599,Cat
4600,Cat
4601,Dog
4602,Cat
4603,Dog
4604,Cat
4605,Cat
4606,Cat
4607,Cat
4608,Cat
4609,Dog
4610,Dog
4611,Cat
4612,Cat
4613,Cat
4614,Cat
4615,Dog
4616,Dog
4617,Dog
4618,Cat
4619,Dog
4620,Dog
4621,Dog
4622,Cat
4623,Dog
4624,Dog
4625,Dog
4626,Cat
4627,Cat
4628,Cat
4629,Dog
4630,Dog
4631,Dog
4632,Dog
4633,Cat
4634,Dog
4635,Dog
4636,Dog
4637,Cat
4638,Dog
4639,Dog
4640,Cat
4641,Dog
4642,Dog
4643,Dog
4644,Cat
4645,Cat
4646,Dog
4647,Cat
4648,Cat
4649,Cat
4650,Cat
4651,Cat
4652,Cat
4653,Dog
4654,Dog
4655,Dog
4656,Dog
4657,Cat
4658,Cat
4659,Cat
4660,Cat
4661,Cat
4662,Dog
4663,Dog
4664,Cat
4665,Dog
4666,Dog
4667,Dog
4668,Dog
4669,Cat
4670,Cat
4671,Cat
4672,Cat
4673,Dog
4674,Cat
4675,Cat
4676,Cat
4677,Dog
4678,Dog
4679,Cat
4680,Dog
4681,Dog
4682,Cat
4683,Cat
4684,Dog
4685,Cat
4686,Dog
4687,Cat
4688,Dog
4689,Dog
4690,Dog
4691,Dog
4692,Dog
4693,Cat
4694,Dog
4695,Cat
4696,Cat
4697,Dog
4698,Dog
4699,Dog
4700,Cat
4701,Dog
4702,Cat
4703,Cat
4704,Cat
4705,Dog
4706,Cat
4707,Dog
4708,Dog
4709,Cat
4710,Cat
4711,Dog
4712,Dog
4713,Dog
4714,Cat
4715,Cat
4716,Dog
4717,Cat
4718,Cat
4719,Cat
4720,Dog
4721,Cat
4722,Dog
4723,Dog
4724,Dog
4725,Dog
4726,Dog
4727,Cat
4728,Cat
4729,Dog
4730,Dog
4731,Cat
4732,Cat
4733,Dog
4734,Cat
4735,Cat
4736,Cat
4737,Cat
4738,Dog
4739,Cat
4740,Cat
4741,Cat
4742,Cat
4743,Dog
4744,Dog
4745,Cat
4746,Dog
4747,Cat
4748,Dog
4749,Cat
4750,Cat
4751,Dog
4752,Cat
4753,Dog
4754,Dog
4755,Cat
4756,Cat
4757,Dog
4758,Dog
4759,Cat
4760,Cat
4761,Dog
4762,Cat
4763,Cat
4764,Dog
4765,Cat
4766,Dog
4767,Cat
4768,Dog
4769,Cat
4770,Dog
4771,Dog
4772,Cat
4773,Cat
4774,Dog
4775,Dog
4776,Cat
4777,Dog
4778,Cat
4779,Cat
4780,Dog
4781,Cat
4782,Dog
4783,Dog
4784,Dog
4785,Dog
4786,Dog
4787,Dog
4788,Dog
4789,Dog
4790,Cat
4791,Dog
4792,Dog
4793,Dog
4794,Dog
4795,Dog
4796,Cat
4797,Dog
4798,Cat
4799,Cat
4800,Dog
4801,Dog
4802,Cat
4803,Cat
4804,Dog
4805,Cat
4806,Dog
4807,Dog
4808,Dog
4809,Dog
4810,Cat
4811,Dog
4812,Cat
4813,Dog
4814,Dog
4815,Cat
4816,Cat
4817,Cat
4818,Dog
4819,Cat
4820,Dog
4821,Dog
4822,Dog
4823,Cat
4824,Dog
4825,Cat
4826,Dog
4827,Cat
4828,Cat
4829,Cat
4830,Cat
4831,Cat
4832,Dog
4833,Cat
4834,Cat
4835,Cat
4836,Dog
4837,Cat
4838,Cat
4839,Cat
4840,Cat
4841,Dog
4842,Cat
4843,Cat
4844,Dog
4845,Cat
4846,Cat
4847,Cat
4848,Dog
4849,Cat
4850,Cat
4851,Dog
4852,Cat
4853,Dog
4854,Dog
4855,Dog
4856,Dog
4857,Dog
4858,Dog
4859,Cat
4860,Dog
4861,Dog
4862,Cat
4863,Cat
4864,Dog
4865,Cat
4866,Cat
4867,Cat
4868,Cat
4869,Dog
4870,Dog
4871,Dog
4872,Dog
4873,Dog
4874,Dog
4875,Cat
4876,Dog
4877,Dog
4878,Dog
4879,Dog
4880,Cat
4881,Cat
4882,Dog
4883,Dog
4884,Dog
4885,Cat
4886,Dog
4887,Cat
4888,Cat
4889,Dog
4890,Cat
4891,Dog
4892,Dog
4893,Dog
4894,Dog
4895,Dog
4896,Dog
4897,Cat
4898,Dog
4899,Cat
4900,Cat
4901,Cat
4902,Dog
4903,Cat
4904,Cat
4905,Dog
4906,Cat
4907,Cat
4908,Cat
4909,Dog
4910,Dog
4911,Cat
4912,Cat
4913,Cat
4914,Dog
4915,Cat
4916,Dog
4917,Cat
4918,Dog
4919,Dog
4920,Cat
4921,Cat
4922,Dog
4923,Cat
4924,Cat
4925,Dog
4926,Cat
4927,Cat
4928,Cat
4929,Cat
4930,Dog
4931,Dog
4932,Cat
4933,Dog
4934,Cat
4935,Dog
4936,Cat
4937,Dog
4938,Cat
4939,Cat
4940,Dog
4941,Dog
4942,Cat
4943,Dog
4944,Dog
4945,Dog
4946,Cat
4947,Dog
4948,Dog
4949,Cat
4950,Cat
4951,Cat
4952,Cat
4953,Cat
4954,Dog
4955,Cat
4956,Cat
4957,Dog
4958,Dog
4959,Cat
4960,Dog
4961,Dog
4962,Dog
4963,Dog
4964,Dog
4965,Dog
4966,Dog
4967,Dog
4968,Dog
4969,Cat
4970,Cat
4971,Dog
4972,Cat
4973,Cat
4974,Cat
4975,Dog
4976,Cat
4977,Dog
4978,Dog
4979,Cat
4980,Dog
4981,Cat
4982,Cat
4983,Cat
4984,Dog
4985,Dog
4986,Cat
4987,Dog
4988,Dog
4989,Cat
4990,Dog
4991,Cat
4992,Cat
4993,Dog
4994,Cat
4995,Cat
4996,Dog
4997,Cat
4998,Dog
